proj,chip,experiment,max_reward,min_reward,mean_reward,n_episodes
24-05-24,23134,2d_rl/2d_rl_cartpole_long_3,2902.0,12.0,135.0,29.0
24-05-24,23134,2d_rl/2d_rl_cartpole_long_4,2887.0,11.0,193.5,21.0
24-05-24,23134,2d_rl/2d_rl_cartpole_long_5,2177.0,13.0,145.2,27.0
24-03-25_plasticity,p001237,exp7/exp7_cartpole_long_3,2081.0,,,1.0
24-05-24,21985,dmso/dmso_cartpole_long_1,1728.0,,,1.0
2024-05-06_butterfly,22097,rl_only/rl_only_cartpole_long_5,1545.0,11.0,260.3,15.0
24-05-24,23134,2d_rl/2d_rl_cartpole_long_13,1420.0,11.0,74.5,45.0
25-02-2025_cp_drugs_gpu,25178ic,full3/full3_cartpole_F,1405.0,10.0,135.7,29.0
24-05-24,23134,2d_rl/2d_rl_cartpole_long_18,1390.0,10.0,215.1,19.0
24-05-24,23134,2d_rl/2d_rl_cartpole_long,1354.0,13.0,220.8,16.0
24-05-24,23134,2d_rl/2d_rl_cartpole_long_14,1299.0,11.0,90.6,17.0
24-05-24,23134,2d_rl/2d_rl_cartpole_long_16,1268.0,11.0,104.4,37.0
24-05-24,23134,2d_rl/2d_rl_cartpole_long_17,1224.0,10.0,165.6,19.0
2024-05-06_butterfly,22097,rl_only/rl_only_cartpole_long_4,1164.0,53.0,476.7,9.0
24-05-24,23134,2d_rl/2d_rl_cartpole_long_15,927.0,10.0,121.7,32.0
25-02-2025_cp_drugs_gpu,25178ic,full3/full3_cartpole_F_12,907.0,11.0,122.1,30.0
25-02-2025_cp_drugs_gpu,25178ic,full3/full3_cartpole_F_15,892.0,14.0,254.9,16.0
24-05-24,23134,2d_rl/2d_rl_cartpole_long_2,886.0,10.0,222.6,18.0
24-05-24,23134,2d_rl/2d_rl_cartpole_long_1,823.0,11.0,162.1,22.0
25-02-2025_cp_drugs_gpu,25178ic,full3/full3_cartpole_F_19,807.0,13.0,209.9,19.0
25-02-2025_cp_drugs_gpu,25178ic,full3/full3_cartpole_F_18,791.0,15.0,225.8,18.0
25-02-2025_cp_drugs_gpu,25178ic,full3/full3_cartpole_F_25,779.0,10.0,98.3,38.0
25-02-2025_cp_drugs_gpu,25178ic,full3/full3_cartpole_F_21,755.0,11.0,107.7,32.0
2024-05-06_butterfly,22097,rl_only/rl_only_cartpole_long_1,729.0,14.0,104.2,36.0
25-02-2025_cp_drugs_gpu,25178ic,full3/full3_cartpole_F_11,693.0,11.0,151.9,25.0
24-05-24,23134,dmso/dmso_cartpole_long_15,664.0,10.0,95.0,40.0
25-02-2025_cp_drugs_gpu,25178ic,full3/full3_cartpole_F_20,656.0,12.0,122.3,30.0
2024-05-06_butterfly,22097,rl_only/rl_only_cartpole_long_2,641.0,17.0,152.0,26.0
24-05-24,23134,2d_rl/2d_rl_cartpole_long_7,641.0,15.0,42.1,76.0
24-03-25_plasticity,p001237,RL_pharma/RL_pharma_cartpole_long_9,611.0,11.0,70.7,50.0
25-02-2025_cp_drugs_gpu,25178ic,full3/full3_cartpole_F_10,610.0,17.0,139.4,27.0
24-05-24,23134,dmso/dmso_cartpole_long_17,607.0,12.0,63.4,56.0
24-05-24,23134,dmso/dmso_cartpole_long_16,583.0,10.0,96.9,39.0
24-03-25_plasticity,p001237,RL_pharma/RL_pharma_cartpole_long_10,583.0,10.0,64.2,52.0
25-02-2025_cp_drugs_gpu,25178ic,full3/full3_cartpole_F_16,568.0,23.0,209.9,18.0
24-03-25_plasticity,p001237,RL_pharma/RL_pharma_cartpole_long_13,558.0,10.0,85.2,44.0
25-02-2025_cp_drugs_gpu,25178ic,full3/full3_cartpole_F_14,553.0,14.0,150.5,26.0
24-05-24,23134,dmso/dmso_cartpole_long_14,551.0,9.0,43.5,74.0
25-02-2025_cp_drugs_gpu,25178ic,full3/full3_cartpole_F_13,516.0,10.0,117.6,30.0
24-05-24,23134,dmso/dmso_cartpole_long_13,514.0,10.0,115.1,34.0
24-05-24,23134,dmso/dmso_cartpole_long_11,493.0,10.0,97.4,39.0
24-04-18_butterfly,23186,RL_only/RL_only_cartpole_long,450.0,13.0,39.9,79.0
2024-05-06_butterfly,22097,dmso/dmso_cartpole_long_15,440.0,11.0,38.3,81.0
25-02-2025_cp_drugs_gpu,25178ic,full3/full3_cartpole_F_22,439.0,16.0,97.3,38.0
24-03-25_plasticity,p001237,RL_pharma/RL_pharma_cartpole_long_6,434.0,11.0,58.0,54.0
25-02-2025_cp_drugs_gpu,25178ic,full3/full3_cartpole_F_8,423.0,14.0,113.7,34.0
25-02-2025_cp_drugs_gpu,25178ic,full3/full3_cartpole_F_6,421.0,10.0,42.1,76.0
25-02-2025_cp_drugs_gpu,25178ic,full3/full3_cartpole_F_5,421.0,10.0,42.1,76.0
24-03-25_plasticity,p001237,RL_pharma/RL_pharma_cartpole_long_11,418.0,10.0,53.8,63.0
25-02-2025_cp_drugs_gpu,25178ic,full3/full3_cartpole_F_9,416.0,12.0,122.0,32.0
24-03-25_plasticity,p001237,RL_pharma/RL_pharma_cartpole_long_7,410.0,11.0,44.2,71.0
24-04-18_butterfly,p001237,exp2/exp2_cartpole_long_4,380.0,10.0,40.6,77.0
24-04-18_butterfly,23138,exp1/exp1_cartpole_long_6,377.0,12.0,81.6,45.0
24-04-18_butterfly,p001237,exp2/exp2_cartpole_long_7,375.0,11.0,36.4,83.0
24-05-24,23134,dmso/dmso_cartpole_long_7,373.0,10.0,36.0,85.0
25-02-2025_cp_drugs_gpu,25178ic,full3/full3_cartpole_F_17,372.0,12.0,121.2,31.0
24-03-25_plasticity,p001237,RL_pharma/RL_pharma_cartpole_long_16,370.0,10.0,38.1,78.0
25-02-2025_cp_drugs_gpu,25178ic,full3/full3_cartpole_F_23,366.0,13.0,120.7,26.0
25-02-2025_cp_drugs_gpu,25178ic,full3/full3_cartpole_F_24,365.0,11.0,46.7,68.0
24-05-24,23134,dmso/dmso_cartpole_long_12,360.0,10.0,48.3,69.0
24-04-18_butterfly,p001237,exp2/exp2_cartpole_long_5,359.0,10.0,62.6,56.0
2024-05-06_butterfly,22097,dmso/dmso_cartpole_long_18,345.0,13.0,59.9,58.0
24-04-18_butterfly,p001237,exp2/exp2_cartpole_long_1,343.0,11.0,46.3,69.0
24-05-24,23134,dmso/dmso_cartpole_long_10,329.0,10.0,34.0,89.0
25-02-2025_cp_drugs_gpu,25178ic,drug1/drug1_cartpole_F_7,327.0,10.0,44.9,200.0
24-04-18_butterfly,p001237,exp2/exp2_cartpole_long_6,321.0,12.0,52.9,63.0
24-05-24,23134,2d_rl/2d_rl_cartpole_long_8,318.0,13.0,38.6,81.0
24-05-24,23134,dmso/dmso_cartpole_long_8,313.0,9.0,23.7,111.0
2024-05-06_butterfly,22097,dmso/dmso_cartpole_long_9,309.0,10.0,49.0,68.0
24-03-25_plasticity,p001237,RL_pharma/RL_pharma_cartpole_long_14,308.0,10.0,63.7,56.0
24-04-18_butterfly,23138,RL_pharma/RL_pharma_cartpole_long_11,306.0,12.0,40.2,78.0
24-04-18_butterfly,23186,RL_only/RL_only_cartpole_long_1,304.0,13.0,82.0,45.0
24-04-18_butterfly,p001237,exp2/exp2_cartpole_long_14,304.0,10.0,38.2,81.0
24-04-18_butterfly,23138,RL_pharma/RL_pharma_cartpole_long_4,303.0,10.0,71.7,50.0
24-03-25_plasticity,p001237,RL_pharma/RL_pharma_cartpole_long_4,302.0,11.0,49.2,67.0
24-04-18_butterfly,p001237,exp2/exp2_cartpole_long_9,300.0,10.0,35.0,86.0
24-05-18_plasticity,22097,Bl1/Bl1_cartpole_long_15,299.0,11.0,43.1,74.0
24-03-25_plasticity,p001237,exp3/exp3_cartpole_long,299.0,12.0,63.2,52.0
2024-05-06_butterfly,22097,dmso/dmso_cartpole_long_17,291.0,12.0,65.3,54.0
24-04-18_butterfly,23138,exp1/exp1_cartpole_long_15,289.0,11.0,40.8,76.0
24-01-07_data,20217,exp1/exp1_cartpole_long_1,266.0,10.0,50.1,80.0
24-05-18_plasticity,22097,Bl1/Bl1_cartpole_long_16,264.0,11.0,43.0,75.0
24-05-24,23134,dmso/dmso_cartpole_long_4,263.0,10.0,26.7,104.0
24-03-25_plasticity,p001237,exp6/exp6_cartpole_long_8,262.0,10.0,53.3,64.0
24-05-24,23134,dmso/dmso_cartpole_long,262.0,10.0,42.5,74.0
2024-05-06_butterfly,22097,rl_only/rl_only_cartpole_long_6,251.0,11.0,49.3,68.0
2024-05-06_butterfly,22097,dmso/dmso_cartpole_long_4,235.0,11.0,32.7,91.0
24-05-24,23134,dmso/dmso_cartpole_long_2,234.0,9.0,36.4,83.0
24-04-18_butterfly,p001237,exp2/exp2_cartpole_long_13,233.0,10.0,48.4,65.0
24-03-25_plasticity,p001237,exp7/exp7_cartpole_long_2,233.0,,,1.0
2024-05-06_butterfly,22097,dmso/dmso_cartpole_long_8,231.0,11.0,35.8,85.0
2024-05-06_butterfly,22097,dmso/dmso_cartpole_long_14,231.0,11.0,45.5,71.0
24-04-18_butterfly,23138,RL_pharma/RL_pharma_cartpole_long_5,227.0,11.0,50.3,66.0
24-01-07_data,20217,exp1/exp1_cartpole_long_4,227.0,10.0,45.2,88.0
24-04-18_butterfly,p001237,exp2/exp2_cartpole_long_10,227.0,10.0,41.9,76.0
24-04-18_butterfly,p001237,exp2/exp2_cartpole_long_2,222.0,10.0,43.7,74.0
24-03-25_plasticity,p001237,exp6/exp6_cartpole_long_4,221.0,10.0,69.9,51.0
24-05-24,23134,2d_rl/2d_rl_cartpole_long_11,220.0,15.0,47.4,70.0
24-04-18_butterfly,23138,RL_pharma/RL_pharma_cartpole_long_6,220.0,11.0,49.9,66.0
24-04-18_butterfly,23138,exp1/exp1_cartpole_long_21,219.0,10.0,64.1,55.0
2024-05-06_butterfly,22097,dmso/dmso_cartpole_long_13,217.0,11.0,48.2,69.0
24-04-18_butterfly,23133,exp1/exp1_cartpole_long_8,211.0,10.0,39.6,79.0
2024-05-06_butterfly,22097,dmso/dmso_cartpole_long_12,211.0,12.0,50.9,66.0
24-04-18_butterfly,23138,exp1/exp1_cartpole_long_9,211.0,12.0,38.7,79.0
24-04-18_butterfly,23138,RL_pharma/RL_pharma_cartpole_long_18,210.0,11.0,39.7,79.0
2024-05-06_butterfly,22097,dmso/dmso_cartpole_long_10,208.0,12.0,35.2,86.0
2024-05-06_butterfly,22097,dmso/dmso_cartpole_long_5,207.0,10.0,29.4,97.0
24-04-18_butterfly,23138,exp1/exp1_cartpole_long_8,207.0,12.0,45.2,71.0
24-04-18_butterfly,23138,exp1/exp1_cartpole_long_18,206.0,12.0,59.7,58.0
24-04-18_butterfly,23133,exp1/exp1_cartpole_long_7,205.0,10.0,53.6,63.0
24-03-25_plasticity,p001237,RL_pharma/RL_pharma_cartpole_long_5,205.0,10.0,33.3,89.0
24-04-18_butterfly,23138,RL_pharma/RL_pharma_cartpole_long_12,203.0,12.0,37.6,82.0
24-03-25_plasticity,p001237,RL_pharma/RL_pharma_cartpole_long_17,199.0,10.0,37.1,84.0
24-04-18_butterfly,23138,RL_pharma/RL_pharma_cartpole_long_2,199.0,10.0,22.0,117.0
24-04-18_butterfly,23138,RL_pharma/RL_pharma_cartpole_long_17,199.0,11.0,28.8,99.0
2024-05-06_butterfly,22097,rl_only/rl_only_cartpole_long_3,197.0,10.0,25.3,107.0
24-03-25_plasticity,p001237,exp6/exp6_cartpole_long_6,197.0,15.0,63.2,56.0
24-04-18_butterfly,23138,RL_pharma/RL_pharma_cartpole_long_10,194.0,12.0,42.1,76.0
24-03-25_plasticity,p001237,RL_pharma/RL_pharma_cartpole_long_15,192.0,10.0,52.1,65.0
24-03-25_plasticity,p001237,exp5/exp5_cartpole_F,192.0,10.0,34.0,197.0
24-03-25_plasticity,p001237,exp6/exp6_cartpole_long_9,191.0,10.0,43.9,74.0
24-04-18_butterfly,23138,RL_pharma/RL_pharma_cartpole_long_7,189.0,12.0,43.0,75.0
24-03-25_plasticity,p001237,RL2/RL2_cartpole_long,186.0,10.0,32.4,91.0
24-03-25_plasticity,p001237,exp6/exp6_cartpole_long_7,185.0,16.0,57.4,59.0
24-04-18_butterfly,23186,RL_only/RL_only_cartpole_long_2,185.0,12.0,46.3,71.0
24-05-18_plasticity,22097,Bl1/Bl1_cartpole_long_3,184.0,11.0,39.0,79.0
24-04-18_butterfly,p001237,exp2/exp2_cartpole_long_3,184.0,10.0,34.9,86.0
24-05-24,23134,dmso/dmso_cartpole_long_3,184.0,9.0,34.4,88.0
24-05-24,23134,dmso/dmso_cartpole_long_9,182.0,10.0,30.2,96.0
2024-05-06_butterfly,22097,dmso/dmso_cartpole_long_6,182.0,10.0,29.9,96.0
24-04-18_butterfly,p001237,exp2/exp2_cartpole_long_11,181.0,10.0,33.9,88.0
24-04-18_butterfly,23133,exp1/exp1_cartpole_long_3,180.0,10.0,25.6,107.0
24-05-18_plasticity,22097,Bl1/Bl1_cartpole_long_2,180.0,11.0,37.5,83.0
24-05-24,23134,dmso/dmso_cartpole_long_18,175.0,11.0,56.8,61.0
24-04-18_butterfly,23138,exp1/exp1_cartpole_long_4,175.0,13.0,46.7,70.0
24-04-18_butterfly,23138,RL_pharma/RL_pharma_cartpole_long_9,173.0,10.0,30.7,94.0
24-05-24,23134,2d_rl/2d_rl_cartpole_long_9,173.0,19.0,40.9,78.0
24-04-18_butterfly,23138,RL_pharma/RL_pharma_cartpole_long_13,171.0,11.0,29.5,97.0
25-02-2025_cp_drugs_gpu,25178ic,drug4/drug4_cartpole_F,171.0,12.0,41.8,76.0
24-04-18_butterfly,23138,RL_pharma/RL_pharma_cartpole_long_15,166.0,12.0,26.7,103.0
24-04-18_butterfly,23138,exp1/exp1_cartpole_long_3,166.0,13.0,55.3,61.0
23-11-30_cartpole,22064,exp3/exp3_cartpole_1,163.0,11.0,33.4,100.0
24-03-25_plasticity,p001237,exp6/exp6_cartpole_long_5,160.0,11.0,62.7,56.0
24-03-25_plasticity,p001237,RL_pharma/RL_pharma_cartpole_long_2,160.0,11.0,57.6,60.0
24-05-24,23134,dmso/dmso_cartpole_long_19,158.0,11.0,36.6,85.0
24-03-25_plasticity,p001237,exp3/exp3_cartpole_long_5,158.0,10.0,26.4,104.0
24-05-18_plasticity,22097,Bl1/Bl1_cartpole_long_5,157.0,11.0,36.4,84.0
24-04-18_butterfly,p001237,exp4/exp4_cartpole_long,157.0,10.0,38.5,81.0
2024-05-06_butterfly,22097,dmso/dmso_cartpole_long_2,154.0,11.0,23.7,111.0
2024-05-06_butterfly,22097,dmso/dmso_cartpole_long_16,153.0,10.0,40.8,77.0
24-03-25_plasticity,p001237,RL_pharma/RL_pharma_cartpole_long_12,153.0,10.0,37.7,80.0
24-05-18_plasticity,22097,Bl1/Bl1_cartpole_long,151.0,11.0,35.0,87.0
24-04-18_butterfly,23138,RL_pharma/RL_pharma_cartpole_long_16,151.0,10.0,30.5,95.0
2024-05-06_butterfly,22097,dmso/dmso_cartpole_long_1,151.0,11.0,39.7,79.0
24-04-18_butterfly,23138,RL_pharma/RL_pharma_cartpole_long_8,150.0,11.0,44.7,72.0
24-04-18_butterfly,23138,RL_pharma/RL_pharma_cartpole_long_19,150.0,12.0,40.7,77.0
24-05-18_plasticity,22097,Bl1/Bl1_cartpole_long_6,150.0,10.0,34.2,88.0
25-02-2025_cp_drugs_gpu,25178ic,drug1/drug1_cartpole_F_6,150.0,11.0,23.8,117.0
25-02-2025_cp_drugs_gpu,25123ic,full1/full1_cartpole_F_14,149.0,11.0,27.0,102.0
24-03-25_plasticity,p001237,exp3/exp3_cartpole_long_3,149.0,11.0,33.1,89.0
2024-05-06_butterfly,22097,dmso/dmso_cartpole_long_11,149.0,12.0,40.1,79.0
25-02-2025_cp_drugs_gpu,25123ic,full1/full1_cartpole_F_9,148.0,11.0,26.7,102.0
25-02-2025_cp_drugs_gpu,25178ic,full3/full3_cartpole_F_1,147.0,10.0,37.9,82.0
24-05-18_plasticity,22097,Bl1/Bl1_cartpole_long_18,146.0,10.0,31.1,94.0
24-03-25_plasticity,p001237,exp6/exp6_cartpole_long_3,145.0,10.0,46.8,70.0
24-04-18_butterfly,p001237,exp2/exp2_cartpole_long_12,144.0,10.0,27.4,101.0
24-05-18_plasticity,22097,Bl1/Bl1_cartpole_long_13,143.0,10.0,41.3,78.0
24-04-18_butterfly,23138,RL_pharma/RL_pharma_cartpole_long_14,143.0,11.0,23.4,112.0
24-04-18_butterfly,23138,exp1/exp1_cartpole_long_12,141.0,12.0,44.8,72.0
23-11-30_cartpole,P001515,exp1/exp1_cartpole_long_7,141.0,11.0,29.9,115.0
24-05-18_plasticity,22097,Bl1/Bl1_cartpole_long_14,140.0,11.0,42.8,75.0
24-03-25_plasticity,p001237,exp8/exp8_cartpole_long_6,140.0,10.0,20.2,121.0
24-04-18_butterfly,23133,exp1/exp1_cartpole_long_4,139.0,10.0,19.6,126.0
24-04-18_butterfly,23138,RL_pharma/RL_pharma_cartpole_long_3,138.0,11.0,46.0,71.0
24-01-07_data,20217,exp4/exp4_cartpole_long_10,137.0,10.0,28.0,119.0
24-05-18_plasticity,22097,Bl1/Bl1_cartpole_long_9,137.0,10.0,27.6,102.0
23-11-30_cartpole,22064,exp3/exp3_cartpole_2,137.0,12.0,34.4,100.0
24-05-18_plasticity,22097,Bl1/Bl1_cartpole_long_17,136.0,10.0,38.7,81.0
24-04-18_butterfly,23186,RL_only/RL_only_cartpole_long_3,136.0,12.0,41.1,78.0
23-11-30_cartpole,22064,long_exp_2/long_exp_2_cartpole_long_11,135.0,10.0,17.5,200.0
24-03-25_plasticity,p001237,exp3/exp3_cartpole_long_13,135.0,10.0,24.9,108.0
24-03-25_plasticity,p001237,exp6/exp6_cartpole_long_10,134.0,11.0,45.6,72.0
24-04-18_butterfly,23138,RL_pharma/RL_pharma_cartpole_long,134.0,10.0,19.2,124.0
23-11-30_cartpole,22064,long_exp_3/long_exp_3_cartpole_long_1,132.0,10.0,34.8,104.0
24-01-07_data,P001237,exp2/exp2_cartpole_long_3,131.0,11.0,33.5,110.0
24-04-18_butterfly,p001237,exp2/exp2_cartpole_long_8,131.0,10.0,21.3,115.0
2024-05-06_butterfly,22097,dmso/dmso_cartpole_long,131.0,11.0,34.6,87.0
23-11-30_cartpole,22064,long_exp_3/long_exp_3_cartpole_long_4,130.0,9.0,21.8,146.0
24-03-25_plasticity,p001237,RL_pharma/RL_pharma_cartpole_long_18,128.0,10.0,27.9,101.0
24-04-18_butterfly,p001237,exp2/exp2_cartpole_long,127.0,12.0,41.9,75.0
24-05-18_plasticity,22097,Bl1/Bl1_cartpole_long_8,127.0,10.0,32.6,91.0
24-01-07_data,22064,exp1/exp1_cartpole_long,127.0,11.0,30.3,117.0
24-03-25_plasticity,p001346,exp1/exp1_cartpole_F,126.0,11.0,25.6,100.0
24-05-18_plasticity,22097,Bl1/Bl1_cartpole_long_7,126.0,10.0,33.4,90.0
24-03-25_plasticity,p001237,exp8/exp8_cartpole_long_13,125.0,11.0,29.8,96.0
24-03-25_plasticity,p001237,exp3/exp3_cartpole_long_21,122.0,10.0,34.5,87.0
24-03-25_plasticity,p001346,exp1/exp1_cartpole_long_6,122.0,10.0,15.5,186.0
24-05-18_plasticity,22097,Bl1/Bl1_cartpole_long_11,121.0,10.0,27.6,102.0
24-01-07_data,22064,exp1/exp1_cartpole_long_2,121.0,10.0,25.5,129.0
24-05-18_plasticity,22097,Bl1/Bl1_cartpole_long_4,121.0,11.0,33.3,90.0
24-03-25_plasticity,p001237,exp3/exp3_cartpole_long_4,121.0,10.0,21.7,117.0
24-04-18_butterfly,23138,RL_pharma/RL_pharma_cartpole_long_1,120.0,10.0,20.6,119.0
24-04-18_butterfly,23186,RL_only/RL_only_cartpole_long_4,120.0,12.0,32.4,91.0
24-05-18_plasticity,22097,Bl1/Bl1_cartpole_long_12,119.0,10.0,28.0,101.0
23-11-30_cartpole,22064,long_exp_2/long_exp_2_cartpole_long_1,117.0,10.0,17.0,200.0
24-03-25_plasticity,p001237,exp7/exp7_cartpole_long,116.0,10.0,28.5,99.0
24-04-18_butterfly,23138,exp1/exp1_cartpole_long_11,116.0,12.0,29.3,97.0
25-02-2025_cp_drugs_gpu,25123ic,full1/full1_cartpole_F_4,115.0,11.0,27.9,100.0
24-03-25_plasticity,p001237,exp8/exp8_cartpole_long_1,115.0,10.0,26.2,104.0
23-11-30_cartpole,22064,long_exp_3/long_exp_3_cartpole_long_17,115.0,10.0,22.0,141.0
2024-05-06_butterfly,22097,dmso/dmso_cartpole_long_7,113.0,11.0,28.7,99.0
25-02-2025_cp_drugs_gpu,25178ic,full3/full3_cartpole_F_2,113.0,10.0,24.5,109.0
24-04-18_butterfly,23138,Rl_only2/Rl_only2_cartpole_long_13,113.0,13.0,28.9,98.0
25-02-2025_cp_drugs_gpu,25178ic,drug4/drug4_cartpole_F_1,112.0,14.0,27.9,100.0
24-04-18_butterfly,23133,exp1/exp1_cartpole_long_19,110.0,10.0,19.7,124.0
24-01-07_data,20217,exp4/exp4_cartpole_long_7,108.0,11.0,23.5,141.0
24-01-07_data,P001237,exp1/exp1_cartpole_long_6,106.0,12.0,27.0,123.0
24-05-18_plasticity,22097,Bl1/Bl1_cartpole_long_1,105.0,10.0,33.6,90.0
24-04-18_butterfly,23138,Rl_only2/Rl_only2_cartpole_long_7,104.0,12.0,29.7,96.0
24-04-18_butterfly,23138,Rl_only2/Rl_only2_cartpole_long_17,104.0,11.0,28.3,99.0
24-03-25_plasticity,p001237,exp8/exp8_cartpole_long_7,103.0,10.0,25.4,105.0
25-02-2025_cp_drugs_gpu,25178ic,drug1/drug1_cartpole_F_9,102.0,12.0,22.4,108.0
24-01-07_data,20217,exp1/exp1_cartpole_long,100.0,10.0,22.4,141.0
25-02-2025_cp_drugs_gpu,25178ic,full3/full3_cartpole_F_3,99.0,12.0,26.2,104.0
24-04-18_butterfly,23138,exp1/exp1_cartpole_long_5,99.0,10.0,20.2,121.0
24-01-07_data,P001237,exp2/exp2_cartpole_long_1,98.0,33.0,44.9,82.0
24-04-18_butterfly,23138,Rl_only2/Rl_only2_cartpole_long_12,98.0,10.0,24.6,109.0
24-01-07_data,P001237,exp1/exp1_cartpole_long_8,98.0,12.0,28.7,121.0
24-04-18_butterfly,23138,Rl_only2/Rl_only2_cartpole_long_8,97.0,12.0,28.7,98.0
24-01-07_data,P001237,exp1/exp1_cartpole_long_3,97.0,11.0,27.9,121.0
24-03-25_plasticity,p001237,exp5/exp5_cartpole_F_6,96.0,10.0,23.2,200.0
24-04-18_butterfly,23138,Rl_only2/Rl_only2_cartpole_long,96.0,11.0,27.4,102.0
24-04-18_butterfly,23133,exp1/exp1_cartpole_long_9,96.0,11.0,25.8,107.0
24-04-18_butterfly,23138,Rl_only2/Rl_only2_cartpole_long_4,95.0,10.0,24.9,108.0
24-05-24,23134,dmso/dmso_cartpole_long_1,95.0,10.0,17.8,132.0
23-11-30_cartpole,P001515,exp1/exp1_cartpole_long_3,94.0,11.0,20.6,149.0
23-11-30_cartpole,22064,long_exp_3/long_exp_3_cartpole_long_7,94.0,10.0,30.3,114.0
2024-05-06_butterfly,22097,dmso/dmso_cartpole_long_3,93.0,10.0,22.4,115.0
24-04-18_butterfly,23133,exp1/exp1_cartpole_long_6,93.0,10.0,25.6,107.0
24-04-18_butterfly,23133,exp1/exp1_cartpole_long_15,93.0,10.0,23.7,112.0
24-05-18_plasticity,22097,Bl1/Bl1_cartpole_long_10,93.0,10.0,27.8,100.0
25-02-2025_cp_drugs_gpu,25123ic,full1/full1_cartpole_F_13,93.0,10.0,24.4,109.0
24-05-24,23134,2d_rl/2d_rl_cartpole_long_10,92.0,13.0,34.8,87.0
24-05-18_plasticity,22097,Bl1/Bl1_cartpole_long_19,92.0,10.0,22.0,117.0
24-03-25_plasticity,p001237,exp5/exp5_cartpole_F_4,92.0,10.0,18.4,200.0
24-04-18_butterfly,23133,exp1/exp1_cartpole_long_13,91.0,10.0,26.8,104.0
24-01-07_data,P001237,exp1/exp1_cartpole_long_9,90.0,10.0,22.6,141.0
24-03-25_plasticity,p001237,exp3/exp3_cartpole_long_14,90.0,10.0,20.9,119.0
24-04-18_butterfly,23138,exp1/exp1_cartpole_long_20,90.0,10.0,17.4,132.0
23-11-30_cartpole,22064,exp7/exp7_cartpole_7,89.0,10.0,20.7,300.0
23-11-30_cartpole,22064,long_exp_3/long_exp_3_cartpole_long_13,89.0,10.0,19.7,156.0
23-11-30_cartpole,22064,exp7/exp7_cartpole_5,89.0,10.0,19.4,300.0
24-01-07_data,20217,exp4/exp4_cartpole_long_9,89.0,11.0,23.4,135.0
24-03-25_plasticity,p001237,exp8/exp8_cartpole_long_4,89.0,11.0,28.8,98.0
25-02-2025_cp_drugs_gpu,25178ic,drug4/drug4_cartpole_F_2,89.0,13.0,28.4,99.0
23-11-30_cartpole,22064,long_exp_3/long_exp_3_cartpole_long_14,88.0,10.0,21.9,146.0
24-03-25_plasticity,p001384,exp2/exp2_cartpole_F,88.0,14.0,27.0,23.0
24-03-25_plasticity,p001280,RL_pharma/RL_pharma_cartpole_long_4,88.0,10.0,29.1,98.0
24-05-18_plasticity,22097,Bl1/Bl1_cartpole_long_21,88.0,10.0,17.2,134.0
24-03-25_plasticity,p001237,exp8/exp8_cartpole_long_8,87.0,10.0,19.9,122.0
24-05-24,21985,dmso/dmso_cartpole_long_2,87.0,10.0,16.6,135.0
24-01-07_data,P001237,exp1/exp1_cartpole_long_7,87.0,12.0,28.9,118.0
24-04-18_butterfly,23138,exp1/exp1_cartpole_long_13,87.0,10.0,16.5,135.0
23-11-30_cartpole,22064,long_exp_3/long_exp_3_cartpole_long,86.0,10.0,20.1,146.0
24-03-25_plasticity,p001237,exp3/exp3_cartpole_long_8,86.0,10.0,19.3,125.0
24-04-18_butterfly,23138,Rl_only2/Rl_only2_cartpole_long_10,86.0,10.0,27.9,101.0
2024-05-06_butterfly,22097,dmso/dmso_cartpole_long_19,86.0,11.0,28.7,99.0
24-04-18_butterfly,23138,Rl_only2/Rl_only2_cartpole_long_3,86.0,11.0,27.0,102.0
24-03-25_plasticity,p001237,exp3/exp3_cartpole_long_16,85.0,11.0,18.1,129.0
24-03-25_plasticity,p001384,exp2/exp2_cartpole_F_1,85.0,9.0,19.6,200.0
24-03-25_plasticity,p001237,exp3/exp3_cartpole_long_9,84.0,11.0,22.8,113.0
24-01-07_data,P001237,exp2/exp2_cartpole_long_4,84.0,11.0,32.4,109.0
24-01-07_data,P001237,exp1/exp1_cartpole_long_16,84.0,13.0,24.2,131.0
24-01-07_data,P001237,exp1/exp1_cartpole_long,84.0,10.0,21.7,140.0
23-11-30_cartpole,22064,long_exp_3/long_exp_3_cartpole_long_11,83.0,10.0,19.9,159.0
24-01-07_data,P001237,exp1/exp1_cartpole_long_11,83.0,11.0,25.3,128.0
24-04-18_butterfly,23138,Rl_only2/Rl_only2_cartpole_long_9,83.0,11.0,26.4,104.0
2024-05-30_drugs_cartpole,20264,baseline/baseline_cartpole_long_7,83.0,10.0,18.0,130.0
24-04-18_butterfly,23138,exp1/exp1_cartpole_long_7,82.0,11.0,20.5,120.0
24-03-25_plasticity,p001346,exp1/exp1_cartpole_long_5,82.0,10.0,14.5,192.0
24-01-07_data,P001237,exp1/exp1_cartpole_long_10,82.0,11.0,29.6,115.0
23-11-30_cartpole,22064,long_exp_3/long_exp_3_cartpole_long_20,82.0,10.0,22.6,144.0
24-01-07_data,P001237,exp1/exp1_cartpole_long_4,82.0,11.0,26.3,122.0
24-01-07_data,22064,exp1/exp1_cartpole_long_5,81.0,10.0,26.5,123.0
24-01-07_data,20217,exp2/exp2_cartpole_long,81.0,10.0,20.6,155.0
23-11-30_cartpole,22064,long_exp_3/long_exp_3_cartpole_long_16,81.0,10.0,17.7,168.0
24-04-18_butterfly,23138,Rl_only2/Rl_only2_cartpole_long_18,81.0,11.0,25.7,106.0
24-01-07_data,20217,exp4/exp4_cartpole_long_12,80.0,11.0,23.0,137.0
24-01-07_data,P001237,exp2/exp2_cartpole_long,80.0,13.0,27.1,121.0
24-04-18_butterfly,23138,exp1/exp1_cartpole_long_22,80.0,10.0,24.9,108.0
24-04-18_butterfly,23138,Rl_only2/Rl_only2_cartpole_long_15,79.0,11.0,27.7,101.0
24-01-07_data,P001237,exp2/exp2_cartpole_long_2,79.0,14.0,29.5,119.0
23-11-30_cartpole,22064,long_exp_3/long_exp_3_cartpole_long_9,79.0,10.0,22.0,145.0
24-04-18_butterfly,23138,Rl_only2/Rl_only2_cartpole_long_6,79.0,10.0,24.7,109.0
24-03-25_plasticity,p001237,exp3/exp3_cartpole_long_12,78.0,10.0,20.5,121.0
24-04-18_butterfly,23138,exp1/exp1_cartpole_long_19,78.0,10.0,16.8,134.0
24-01-07_data,22064,exp1/exp1_cartpole_long_4,78.0,10.0,26.2,130.0
24-04-18_butterfly,23133,exp1/exp1_cartpole_long_5,78.0,10.0,21.6,118.0
23-11-30_cartpole,22064,long_exp_2/long_exp_2_cartpole_long_14,78.0,9.0,18.4,200.0
23-11-30_cartpole,22064,long_exp_2/long_exp_2_cartpole_long_9,78.0,10.0,21.5,178.0
24-01-07_data,P001237,exp1/exp1_cartpole_long_1,78.0,11.0,22.4,137.0
23-11-30_cartpole,22064,long_exp_3/long_exp_3_cartpole_long_2,77.0,10.0,25.3,126.0
23-11-30_cartpole,22064,long_exp_3/long_exp_3_cartpole_long_21,77.0,10.0,18.7,152.0
24-03-25_plasticity,p001280,RL_pharma/RL_pharma_cartpole_long_3,77.0,12.0,28.1,100.0
24-04-18_butterfly,23138,Rl_only2/Rl_only2_cartpole_long_16,77.0,11.0,25.5,107.0
23-11-30_cartpole,22064,long_exp_2/long_exp_2_cartpole_long_7,77.0,10.0,22.8,170.0
24-03-25_plasticity,p001237,exp3/exp3_cartpole_long_10,76.0,11.0,21.4,117.0
24-03-25_plasticity,p001237,exp8/exp8_cartpole_long,76.0,10.0,23.7,110.0
23-11-30_cartpole,22064,exp7/exp7_cartpole,76.0,10.0,15.8,300.0
23-11-30_cartpole,22064,long_exp_3/long_exp_3_cartpole_long_5,76.0,10.0,23.6,139.0
24-04-18_butterfly,23138,exp1/exp1_cartpole_long_17,75.0,11.0,19.3,124.0
24-04-18_butterfly,23138,Rl_only2/Rl_only2_cartpole_long_14,75.0,10.0,24.5,110.0
24-04-18_butterfly,23138,Rl_only2/Rl_only2_cartpole_long_22,75.0,12.0,25.4,107.0
24-03-25_plasticity,p001237,RL_pharma/RL_pharma_cartpole_long_8,75.0,,,1.0
24-04-18_butterfly,23138,Rl_only2/Rl_only2_cartpole_long_11,75.0,9.0,23.7,111.0
24-04-18_butterfly,23138,Rl_only2/Rl_only2_cartpole_long_2,75.0,11.0,26.5,104.0
24-03-25_plasticity,p001237,exp3/exp3_cartpole_long_11,74.0,12.0,25.8,105.0
24-01-07_data,22064,exp1/exp1_cartpole_long_1,74.0,10.0,21.0,146.0
24-01-07_data,P001237,exp1/exp1_cartpole_long_5,74.0,12.0,22.3,151.0
24-05-18_plasticity,22097,Bl1/Bl1_cartpole_long_20,74.0,10.0,19.5,125.0
24-04-18_butterfly,23138,exp1/exp1_cartpole_long_10,73.0,11.0,20.5,120.0
23-11-30_cartpole,22064,long_exp_3/long_exp_3_cartpole_long_10,73.0,9.0,25.2,127.0
24-03-25_plasticity,p001237,exp3/exp3_cartpole_long_15,73.0,11.0,21.8,117.0
25-02-2025_cp_drugs_gpu,25123ic,full1/full1_cartpole_F_1,73.0,10.0,24.7,109.0
24-04-18_butterfly,23133,exp1/exp1_cartpole_long_12,73.0,11.0,25.6,107.0
24-03-25_plasticity,p001280,RL_pharma/RL_pharma_cartpole_long_2,73.0,10.0,28.2,100.0
24-01-07_data,22064,exp1/exp1_cartpole_long_3,72.0,10.0,24.3,132.0
23-11-30_cartpole,22064,long_exp_2/long_exp_2_cartpole_long_4,72.0,10.0,19.8,195.0
2024-05-30_drugs_cartpole,20264,baseline/baseline_cartpole_long_6,72.0,9.0,14.1,147.0
24-01-07_data,P001237,exp1/exp1_cartpole_long_17,71.0,11.0,21.5,148.0
24-03-25_plasticity,p001280,RL_pharma/RL_pharma_cartpole_long_5,71.0,11.0,25.9,105.0
24-01-07_data,20217,exp4/exp4_cartpole_long_3,71.0,10.0,18.7,168.0
24-03-25_plasticity,p001237,exp3/exp3_cartpole_long_19,71.0,12.0,26.2,104.0
24-04-18_butterfly,p001237,exp6/exp6_cartpole_long_3,71.0,13.0,34.9,26.0
24-04-18_butterfly,p001237,exp6/exp6_cartpole_long_2,70.0,11.0,21.1,57.0
25-02-2025_cp_drugs_gpu,25178ic,full3/full3_cartpole_F_7,70.0,10.0,23.6,111.0
23-11-30_cartpole,22064,long_exp_3/long_exp_3_cartpole_long_12,70.0,10.0,22.9,138.0
24-01-07_data,P001237,exp1/exp1_cartpole_long_2,70.0,11.0,20.7,146.0
24-01-07_data,20217,exp1/exp1_cartpole_long_3,70.0,10.0,18.1,172.0
24-04-18_butterfly,23138,Rl_only2/Rl_only2_cartpole_long_21,70.0,10.0,25.1,107.0
24-05-18_plasticity,22097,Bl1/Bl1_cartpole_long_22,69.0,10.0,18.3,130.0
24-03-25_plasticity,p001237,exp8/exp8_cartpole_long_10,69.0,11.0,21.8,116.0
24-04-18_butterfly,23138,Rl_only2/Rl_only2_cartpole_long_23,69.0,10.0,24.5,109.0
23-11-30_cartpole,22064,long_exp_2/long_exp_2_cartpole_long_8,68.0,9.0,16.3,200.0
25-02-2025_cp_drugs_gpu,25123ic,full1/full1_cartpole_F_15,68.0,10.0,23.6,111.0
25-02-2025_cp_drugs_gpu,25123ic,full1/full1_cartpole_F_12,68.0,10.0,22.6,114.0
23-11-30_cartpole,22064,long_exp_3/long_exp_3_cartpole_long_18,68.0,10.0,22.1,145.0
24-03-25_plasticity,p001237,exp3/exp3_cartpole_long_6,68.0,10.0,15.4,140.0
24-04-18_butterfly,23138,Rl_only2/Rl_only2_cartpole_long_19,68.0,12.0,26.8,103.0
24-03-25_plasticity,p001237,exp3/exp3_cartpole_long_2,68.0,11.0,26.1,103.0
24-04-18_butterfly,23138,exp1/exp1_cartpole_long_14,68.0,10.0,15.6,139.0
25-02-2025_cp_drugs_gpu,25178ic,drug1/drug1_cartpole_F_3,67.0,11.0,28.6,37.0
24-01-07_data,P001237,exp1/exp1_cartpole_long_15,67.0,11.0,20.0,157.0
25-02-2025_cp_drugs_gpu,25123ic,full1/full1_cartpole_F,67.0,10.0,23.3,113.0
24-04-18_butterfly,p001237,exp5/exp5_cartpole_long,66.0,10.0,20.3,121.0
24-03-25_plasticity,p001237,exp8/exp8_cartpole_long_3,66.0,10.0,18.0,129.0
24-03-25_plasticity,p001346,exp1/exp1_cartpole_long_13,66.0,10.0,19.2,157.0
24-03-25_plasticity,p001237,exp5/exp5_cartpole_F_5,66.0,9.0,15.7,200.0
24-03-25_plasticity,p001237,exp8/exp8_cartpole_long_12,66.0,10.0,16.9,134.0
24-04-18_butterfly,23133,exp1/exp1_cartpole_long_11,65.0,10.0,21.0,120.0
24-03-25_plasticity,p001237,exp3/exp3_cartpole_long_1,65.0,12.0,22.3,113.0
24-04-18_butterfly,23138,Rl_only2/Rl_only2_cartpole_long_5,65.0,12.0,23.7,112.0
25-02-2025_cp_drugs_gpu,25178ic,drug1/drug1_cartpole_F_8,64.0,11.0,19.6,200.0
24-01-07_data,20217,exp2/exp2_cartpole_long_1,64.0,10.0,16.1,163.0
24-04-18_butterfly,p001237,exp5/exp5_cartpole_long_1,64.0,10.0,16.0,139.0
2024-05-30_drugs_cartpole,20264,baseline/baseline_cartpole_long_8,64.0,9.0,14.6,144.0
2024-05-30_drugs_cartpole,20264,baseline/baseline_cartpole_long_4,64.0,10.0,17.5,132.0
24-04-18_butterfly,p001237,exp5/exp5_cartpole_long_6,64.0,10.0,14.8,143.0
23-11-30_cartpole,22064,exp7/exp7_cartpole_6,63.0,10.0,19.7,300.0
25-02-2025_cp_drugs_gpu,25123ic,full1/full1_cartpole_F_11,63.0,11.0,21.1,119.0
2024-05-30_drugs_cartpole,20264,baseline/baseline_cartpole_long_5,63.0,10.0,12.9,152.0
24-01-07_data,P001237,exp1/exp1_cartpole_long_12,62.0,12.0,26.1,125.0
23-11-30_cartpole,22064,long_exp_3/long_exp_3_cartpole_long_8,62.0,10.0,22.1,148.0
24-03-25_plasticity,p001237,exp8/exp8_cartpole_long_14,61.0,10.0,22.6,114.0
24-04-18_butterfly,23138,Rl_only2/Rl_only2_cartpole_long_20,61.0,11.0,22.8,114.0
24-03-25_plasticity,p001237,exp3/exp3_cartpole_long_20,61.0,11.0,18.6,126.0
25-02-2025_cp_drugs_gpu,25123ic,full1/full1_cartpole_F_10,61.0,10.0,19.0,126.0
23-11-30_cartpole,22064,long_exp_2/long_exp_2_cartpole_long_6,61.0,10.0,18.7,200.0
24-04-18_butterfly,23133,exp1/exp1_cartpole_long_14,61.0,10.0,20.7,121.0
24-01-07_data,20217,exp4/exp4_cartpole_long_4,61.0,10.0,14.6,191.0
2024-05-30_drugs_cartpole,20264,baseline/baseline_cartpole_long_9,60.0,13.0,33.8,16.0
23-11-30_cartpole,22064,long_exp_2/long_exp_2_cartpole_long_10,60.0,10.0,19.4,195.0
24-03-25_plasticity,p001346,exp1/exp1_cartpole_long_10,60.0,11.0,22.4,145.0
24-03-25_plasticity,p001280,RL_pharma/RL_pharma_cartpole_long_1,60.0,11.0,22.5,115.0
24-04-18_butterfly,23138,Rl_only2/Rl_only2_cartpole_long_1,60.0,12.0,23.4,113.0
24-03-25_plasticity,p001237,exp3/exp3_cartpole_long_7,59.0,10.0,22.4,115.0
25-02-2025_cp_drugs_gpu,25123ic,full1/full1_cartpole_F_2,59.0,9.0,17.2,133.0
24-04-18_butterfly,23133,exp1/exp1_cartpole_long_2,59.0,10.0,16.8,134.0
23-11-30_cartpole,22064,exp3/exp3_cartpole_5,58.0,10.0,15.6,100.0
23-11-30_cartpole,22064,long_exp_2/long_exp_2_cartpole_long_2,58.0,10.0,16.8,78.0
24-04-18_butterfly,23138,exp1/exp1_cartpole_long_16,58.0,10.0,15.6,139.0
24-03-25_plasticity,p001280,RL_pharma/RL_pharma_cartpole_long,58.0,10.0,20.5,121.0
24-01-07_data,20217,exp4/exp4_cartpole_long_20,58.0,10.0,15.0,189.0
24-04-18_butterfly,23133,exp1/exp1_cartpole_long_10,57.0,10.0,21.9,117.0
25-02-2025_cp_drugs_gpu,25123ic,full1/full1_cartpole_F_7,56.0,10.0,18.9,127.0
24-01-07_data,P001237,exp1/exp1_cartpole_long_14,56.0,11.0,21.4,150.0
24-01-07_data,P001237,exp1/exp1_cartpole_long_13,56.0,11.0,23.2,142.0
23-11-30_cartpole,22064,exp3/exp3_cartpole,55.0,10.0,17.1,100.0
23-11-30_cartpole,P001515,exp1/exp1_cartpole_long_15,55.0,10.0,14.6,49.0
24-04-18_butterfly,p001237,exp6/exp6_cartpole_long_1,55.0,10.0,19.6,35.0
24-05-24,21985,dmso/dmso_cartpole_long_3,55.0,10.0,12.5,155.0
24-05-24,23134,2d_rl/2d_rl_cartpole_long_12,55.0,12.0,21.8,6.0
24-01-07_data,20217,exp4/exp4_cartpole_long_8,54.0,10.0,18.5,164.0
24-04-18_butterfly,23138,exp1/exp1_cartpole_long,54.0,10.0,23.6,112.0
25-02-2025_cp_drugs_gpu,25123ic,full1/full1_cartpole_F_3,54.0,10.0,18.5,78.0
24-03-25_plasticity,p001346,exp1/exp1_cartpole_F_2,54.0,10.0,18.3,100.0
24-04-18_butterfly,p001237,exp5/exp5_cartpole_long_8,54.0,10.0,13.6,148.0
24-03-25_plasticity,p001346,exp1/exp1_cartpole_F_1,54.0,10.0,16.8,100.0
24-03-25_plasticity,p001384,exp2/exp2_cartpole_F_2,53.0,20.0,31.8,4.0
24-03-25_plasticity,p001237,exp6/exp6_cartpole_long_1,53.0,10.0,14.7,143.0
24-03-25_plasticity,p001237,exp8/exp8_cartpole_long_11,53.0,10.0,22.5,114.0
24-03-25_plasticity,p001346,exp1/exp1_cartpole_long_15,52.0,10.0,19.6,154.0
23-11-30_cartpole,P001515,exp1/exp1_cartpole_long_14,52.0,10.0,14.5,189.0
25-02-2025_cp_drugs_gpu,25123ic,full1/full1_cartpole_F_8,52.0,11.0,19.1,126.0
24-04-18_butterfly,23133,exp1/exp1_cartpole_long_17,51.0,9.0,14.9,143.0
23-11-30_cartpole,22064,exp_long_1/exp_long_1_cartpole_long_11,51.0,10.0,14.4,200.0
24-01-07_data,20217,exp4/exp4_cartpole_long_11,50.0,10.0,21.6,140.0
24-03-25_plasticity,p001237,exp3/exp3_cartpole_long_17,50.0,10.0,19.7,123.0
23-11-30_cartpole,P001515,exp1/exp1_cartpole_long_9,50.0,10.0,14.3,195.0
24-03-25_plasticity,p001237,exp5/exp5_cartpole_F_2,50.0,9.0,11.8,200.0
24-03-25_plasticity,p001346,exp1/exp1_cartpole_long_2,50.0,10.0,17.7,171.0
24-03-25_plasticity,p001237,exp8/exp8_cartpole_long_2,49.0,10.0,19.0,125.0
23-11-30_cartpole,P001515,exp1/exp1_cartpole_long_2,49.0,11.0,20.1,156.0
23-11-30_cartpole,22064,long_exp_2/long_exp_2_cartpole_long_3,49.0,10.0,15.6,200.0
25-02-2025_cp_drugs_gpu,25123ic,full1/full1_cartpole_F_16,49.0,10.0,19.1,126.0
24-03-25_plasticity,p001237,exp8/exp8_cartpole_long_5,48.0,10.0,18.7,127.0
23-11-30_cartpole,22064,exp_long_1/exp_long_1_cartpole_long_9,48.0,10.0,13.0,200.0
24-03-25_plasticity,p001237,exp7/exp7_cartpole_long_1,48.0,10.0,17.7,131.0
23-11-30_cartpole,22064,exp_long_1/exp_long_1_cartpole_long_6,48.0,10.0,15.4,200.0
24-01-07_data,20217,exp1/exp1_cartpole_long_2,47.0,10.0,15.8,172.0
24-04-18_butterfly,p001237,exp1/exp1_cartpole_long_2,47.0,10.0,15.0,142.0
23-11-30_cartpole,22064,exp_long_1/exp_long_1_cartpole_long_7,47.0,10.0,13.9,200.0
24-04-18_butterfly,23138,exp1/exp1_cartpole_long_1,47.0,10.0,18.4,13.0
25-02-2025_cp_drugs_gpu,25178ic,drug1/drug1_cartpole_F_5,47.0,17.0,32.1,8.0
24-01-07_data,20217,exp4/exp4_cartpole_long_5,46.0,10.0,15.5,190.0
24-05-24,22194,baseline/baseline_cartpole_long_3,46.0,10.0,17.1,134.0
24-01-07_data,20217,exp4/exp4_cartpole_long_19,46.0,10.0,12.3,200.0
23-11-30_cartpole,22064,long_exp_3/long_exp_3_cartpole_long_3,46.0,10.0,17.6,165.0
23-11-30_cartpole,P001515,exp1/exp1_cartpole_long_6,45.0,10.0,16.8,165.0
23-11-30_cartpole,22064,exp_long_1/exp_long_1_cartpole_long_8,45.0,9.0,12.0,200.0
24-05-24,23134,2d_rl/2d_rl_cartpole_long_6,45.0,16.0,28.6,100.0
24-01-07_data,20217,exp4/exp4_cartpole_long_22,45.0,10.0,13.0,191.0
24-03-25_plasticity,p001346,exp1/exp1_cartpole_long_7,45.0,10.0,13.8,200.0
23-11-30_cartpole,P001515,exp1/exp1_cartpole_long_13,44.0,10.0,14.8,188.0
24-01-07_data,20217,exp4/exp4_cartpole_long_6,44.0,10.0,14.3,197.0
2024-05-30_drugs_cartpole,20264,baseline/baseline_cartpole_long_2,43.0,10.0,16.3,37.0
24-04-18_butterfly,23133,exp1/exp1_cartpole_long_16,43.0,10.0,14.9,144.0
24-01-07_data,20217,exp2/exp2_cartpole_long_19,42.0,10.0,12.8,200.0
23-11-30_cartpole,22064,exp3/exp3_cartpole_7,42.0,11.0,16.1,100.0
23-11-30_cartpole,22064,exp_long_1/exp_long_1_cartpole_long_5,42.0,10.0,12.2,200.0
24-03-25_plasticity,p001237,RL_pharma/RL_pharma_cartpole_long_1,42.0,10.0,14.1,147.0
2024-05-30_drugs_cartpole,20264,baseline/baseline_cartpole_long_3,41.0,10.0,14.1,135.0
24-05-24,22194,baseline/baseline_cartpole_long_4,41.0,10.0,15.6,35.0
24-01-07_data,P001237,exp1/exp1_cartpole_long_18,41.0,11.0,19.9,156.0
24-03-25_plasticity,p001346,exp1/exp1_cartpole_long_11,41.0,10.0,17.1,175.0
25-02-2025_cp_drugs_gpu,25178ic,full3/full3_cartpole_F_4,41.0,12.0,20.9,120.0
23-11-30_cartpole,22064,exp7/exp7_cartpole_2,41.0,9.0,16.0,300.0
24-01-07_data,20217,exp4/exp4_cartpole_long_23,40.0,9.0,12.0,200.0
25-02-2025_cp_drugs_gpu,25123ic,full1/full1_cartpole_F_6,40.0,9.0,11.2,163.0
23-11-30_cartpole,22064,exp_long_1/exp_long_1_cartpole_long_2,40.0,10.0,12.9,200.0
23-11-30_cartpole,P001515,exp1/exp1_cartpole_long,40.0,10.0,18.5,161.0
23-11-30_cartpole,22064,exp3/exp3_cartpole_6,40.0,10.0,15.7,100.0
23-11-30_cartpole,22064,exp7/exp7_cartpole_1,40.0,10.0,13.8,300.0
25-02-2025_cp_drugs_gpu,25178ic,drug1/drug1_cartpole_F_4,39.0,24.0,29.8,6.0
24-03-25_plasticity,p001237,RL_pharma/RL_pharma_cartpole_long_19,39.0,10.0,16.4,25.0
24-03-25_plasticity,p001237,exp5/exp5_cartpole_F_3,39.0,9.0,14.0,200.0
24-03-25_plasticity,p001237,exp8/exp8_cartpole_long_9,39.0,10.0,15.3,141.0
2024-05-30_drugs_cartpole,20264,baseline/baseline_cartpole_long_1,38.0,10.0,14.6,38.0
23-11-30_cartpole,22064,long_exp_2/long_exp_2_cartpole_long_5,38.0,10.0,15.9,200.0
23-11-30_cartpole,P001515,exp1/exp1_cartpole_long_4,38.0,10.0,13.0,200.0
24-03-25_plasticity,p001346,exp1/exp1_cartpole_long,38.0,10.0,14.4,176.0
24-05-24,22194,baseline/baseline_cartpole_long_2,37.0,10.0,17.1,25.0
24-01-07_data,20217,exp4/exp4_cartpole_long_14,37.0,9.0,13.1,200.0
25-02-2025_cp_drugs_gpu,25123ic,full1/full1_cartpole_F_5,37.0,10.0,11.8,159.0
24-03-25_plasticity,p001237,exp3/exp3_cartpole_long_18,37.0,10.0,14.6,144.0
24-04-18_butterfly,p001237,exp4/exp4_cartpole_long_3,37.0,9.0,12.7,154.0
24-01-07_data,20217,exp4/exp4_cartpole_long_24,36.0,10.0,11.9,200.0
24-03-25_plasticity,p001346,exp1/exp1_cartpole_long_12,36.0,10.0,14.5,191.0
24-03-25_plasticity,p001237,RL_pharma/RL_pharma_cartpole_long_3,36.0,10.0,13.5,27.0
23-11-30_cartpole,22064,exp_long_1/exp_long_1_cartpole_long_4,36.0,9.0,12.0,200.0
24-04-18_butterfly,p001237,exp4/exp4_cartpole_long_2,36.0,10.0,13.2,152.0
24-01-07_data,20217,exp4/exp4_cartpole_long_16,36.0,10.0,13.0,200.0
24-04-18_butterfly,p001237,exp4/exp4_cartpole_long_1,35.0,10.0,15.6,140.0
24-04-18_butterfly,p001237,exp4/exp4_cartpole_long_5,35.0,10.0,11.4,161.0
24-01-07_data,20217,exp4/exp4_cartpole_long_21,35.0,10.0,12.8,200.0
23-11-30_cartpole,22064,long_exp_2/long_exp_2_cartpole_long,35.0,10.0,12.6,200.0
23-11-30_cartpole,22064,exp_long_1/exp_long_1_cartpole_long_13,34.0,9.0,13.0,200.0
23-11-30_cartpole,22064,exp_long_1/exp_long_1_cartpole_long_1,34.0,10.0,12.4,200.0
24-01-07_data,20217,exp4/exp4_cartpole_long_13,34.0,10.0,13.3,200.0
23-11-30_cartpole,22064,exp_long_1/exp_long_1_cartpole_long_3,34.0,9.0,12.3,200.0
24-04-18_butterfly,p001237,exp5/exp5_cartpole_long_7,34.0,9.0,11.8,158.0
23-11-30_cartpole,22064,exp_long_1/exp_long_1_cartpole_long_10,33.0,9.0,12.5,200.0
23-11-30_cartpole,22064,exp_long_1/exp_long_1_cartpole_long_14,32.0,10.0,13.7,30.0
24-04-18_butterfly,23133,exp1/exp1_cartpole_long_1,32.0,11.0,16.3,18.0
24-04-18_butterfly,p001237,exp4/exp4_cartpole_long_4,32.0,9.0,11.7,160.0
24-04-18_butterfly,p001237,exp4/exp4_cartpole_long_6,31.0,10.0,11.4,161.0
24-01-07_data,20217,exp4/exp4_cartpole_long_25,31.0,9.0,12.2,200.0
24-04-18_butterfly,23133,exp1/exp1_cartpole_long_18,30.0,10.0,13.2,152.0
24-04-18_butterfly,p001237,exp4/exp4_cartpole_long_9,30.0,9.0,11.2,162.0
23-11-30_cartpole,P001515,exp1/exp1_cartpole_long_11,30.0,10.0,13.5,200.0
24-05-24,23134,dmso/dmso_cartpole_long_5,30.0,9.0,12.5,156.0
23-11-30_cartpole,P001515,exp1/exp1_cartpole_long_5,29.0,10.0,12.8,195.0
24-04-18_butterfly,p001237,exp5/exp5_cartpole_long_5,28.0,10.0,12.8,55.0
24-01-07_data,20217,exp4/exp4_cartpole_long_15,27.0,10.0,12.6,200.0
24-04-18_butterfly,p001237,exp1/exp1_cartpole_long,27.0,,,1.0
24-01-07_data,20217,exp4/exp4_cartpole_long_17,27.0,10.0,11.7,200.0
24-04-18_butterfly,p001237,exp4/exp4_cartpole_long_7,26.0,9.0,11.4,163.0
24-01-07_data,20217,exp4/exp4_cartpole_long_1,26.0,10.0,12.0,200.0
24-04-18_butterfly,23133,exp1/exp1_cartpole_long,26.0,10.0,15.6,10.0
24-03-25_plasticity,p001346,exp1/exp1_cartpole_long_1,26.0,10.0,15.6,187.0
24-03-25_plasticity,p001346,exp1/exp1_cartpole_long_14,26.0,9.0,12.1,200.0
25-02-2025_cp_drugs_gpu,25178ic,drug1/drug1_cartpole_F_2,26.0,11.0,15.4,27.0
2024-05-30_drugs_cartpole,20264,baseline/baseline_cartpole_long,26.0,10.0,14.4,23.0
23-11-30_cartpole,P001515,exp1/exp1_cartpole_long_12,25.0,10.0,13.0,196.0
24-04-18_butterfly,p001237,exp4/exp4_cartpole_long_8,25.0,9.0,11.3,162.0
24-03-25_plasticity,p001346,exp1/exp1_cartpole_long_4,24.0,9.0,12.2,200.0
24-03-25_plasticity,p001237,exp6/exp6_cartpole_long,24.0,10.0,14.6,97.0
24-01-07_data,20217,exp2/exp2_cartpole_long_4,24.0,9.0,12.0,200.0
24-03-25_plasticity,p001237,exp4/exp4_cartpole_long,23.0,9.0,10.8,163.0
24-01-07_data,20217,exp4/exp4_cartpole_long,22.0,10.0,12.0,200.0
24-03-25_plasticity,p001237,exp5/exp5_cartpole_F_1,22.0,9.0,11.4,200.0
24-03-25_plasticity,p001346,exp1/exp1_cartpole_long_9,22.0,10.0,11.7,200.0
24-03-25_plasticity,p001346,exp1/exp1_cartpole_long_8,22.0,10.0,11.9,200.0
24-04-18_butterfly,p001237,exp1/exp1_cartpole_long_1,22.0,10.0,11.8,159.0
24-04-18_butterfly,p001237,exp1/exp1_cartpole_long_6,22.0,9.0,10.9,164.0
24-03-25_plasticity,p001237,exp4/exp4_cartpole_long_13,22.0,10.0,11.4,160.0
24-03-25_plasticity,p001237,RL_pharma/RL_pharma_cartpole_long,21.0,9.0,10.8,164.0
24-04-18_butterfly,p001237,exp4/exp4_cartpole_long_10,21.0,9.0,10.9,165.0
24-01-07_data,20217,exp4/exp4_cartpole_long_18,21.0,10.0,11.6,200.0
24-05-24,21985,dmso/dmso_cartpole_long,21.0,10.0,12.1,45.0
24-05-24,22194,baseline/baseline_cartpole_long_1,21.0,11.0,14.9,31.0
24-04-18_butterfly,p001237,exp1/exp1_cartpole_long_20,20.0,10.0,11.0,164.0
24-04-18_butterfly,p001237,exp1/exp1_cartpole_long_15,20.0,9.0,10.8,165.0
24-05-24,23134,dmso/dmso_cartpole_long_6,20.0,10.0,11.4,162.0
24-04-18_butterfly,p001237,exp4/exp4_cartpole_long_14,20.0,10.0,11.0,165.0
24-01-07_data,20217,exp1/exp1_cartpole_long_5,20.0,10.0,12.6,200.0
24-04-18_butterfly,p001237,exp1/exp1_cartpole_long_11,20.0,9.0,11.1,164.0
24-01-07_data,20217,exp3/exp3_cartpole_long_3,19.0,10.0,13.0,34.0
24-04-18_butterfly,p001237,exp1/exp1_cartpole_long_14,19.0,9.0,10.7,165.0
24-03-25_plasticity,p001237,exp4/exp4_cartpole_long_14,19.0,10.0,12.1,155.0
24-04-18_butterfly,p001237,exp1/exp1_cartpole_long_18,19.0,9.0,10.9,164.0
24-04-18_butterfly,p001237,exp4/exp4_cartpole_long_11,19.0,9.0,10.7,165.0
24-04-18_butterfly,p001237,exp1/exp1_cartpole_long_13,19.0,10.0,10.9,164.0
24-04-18_butterfly,p001237,exp1/exp1_cartpole_long_8,18.0,9.0,11.0,164.0
24-04-18_butterfly,p001237,exp1/exp1_cartpole_long_3,18.0,10.0,11.6,161.0
24-03-25_plasticity,p001346,exp1/exp1_cartpole_long_3,18.0,10.0,11.8,200.0
24-04-18_butterfly,23138,exp1/exp1_cartpole_long_2,18.0,11.0,12.7,16.0
24-04-18_butterfly,p001237,exp1/exp1_cartpole_long_21,18.0,10.0,11.0,35.0
24-04-18_butterfly,p001237,exp1/exp1_cartpole_long_12,18.0,9.0,11.2,162.0
24-01-07_data,20217,exp2/exp2_cartpole_long_13,18.0,9.0,11.0,200.0
24-04-18_butterfly,p001237,exp4/exp4_cartpole_long_12,18.0,9.0,10.8,166.0
24-04-18_butterfly,p001237,exp4/exp4_cartpole_long_15,17.0,9.0,10.8,167.0
24-03-25_plasticity,p001237,exp4/exp4_cartpole_long_9,17.0,9.0,11.4,160.0
24-01-07_data,20217,exp4/exp4_cartpole_long_2,17.0,9.0,11.1,200.0
24-04-18_butterfly,p001237,exp1/exp1_cartpole_long_4,17.0,10.0,11.2,163.0
24-03-25_plasticity,p001237,exp6/exp6_cartpole_long_2,17.0,10.0,13.2,11.0
24-04-18_butterfly,p001237,exp1/exp1_cartpole_long_19,17.0,9.0,10.9,164.0
24-01-07_data,20217,exp2/exp2_cartpole_long_20,16.0,10.0,11.4,200.0
24-03-25_plasticity,p001237,exp10/exp10_cartpole_long,16.0,10.0,11.8,122.0
2024-05-06_butterfly,22097,rl_only/rl_only_cartpole_long,16.0,10.0,11.2,52.0
24-03-25_plasticity,p001237,exp4/exp4_cartpole_long_12,16.0,10.0,11.6,159.0
24-03-25_plasticity,p001237,exp4/exp4_cartpole_long_16,16.0,10.0,10.8,163.0
24-04-18_butterfly,p001237,exp1/exp1_cartpole_long_9,16.0,9.0,10.8,165.0
24-03-25_plasticity,p001237,exp4/exp4_cartpole_long_8,16.0,9.0,10.7,164.0
24-03-25_plasticity,p001237,exp4/exp4_cartpole_long_5,15.0,9.0,10.8,163.0
24-03-25_plasticity,p001237,exp4/exp4_cartpole_long_3,15.0,9.0,10.8,164.0
24-04-18_butterfly,p001237,exp1/exp1_cartpole_long_10,15.0,9.0,10.7,165.0
24-03-25_plasticity,p001237,exp4/exp4_cartpole_long_1,15.0,9.0,10.7,164.0
24-03-25_plasticity,p001237,exp4/exp4_cartpole_long_10,15.0,9.0,10.8,163.0
24-04-18_butterfly,p001237,exp1/exp1_cartpole_long_5,15.0,9.0,11.2,163.0
24-04-18_butterfly,p001237,exp4/exp4_cartpole_long_13,15.0,9.0,10.7,166.0
24-03-25_plasticity,p001237,exp4/exp4_cartpole_long_11,15.0,9.0,10.7,164.0
24-04-18_butterfly,p001237,exp5/exp5_cartpole_long_2,15.0,10.0,11.2,67.0
24-04-18_butterfly,p001237,exp1/exp1_cartpole_long_16,15.0,9.0,10.8,165.0
24-04-18_butterfly,p001237,exp1/exp1_cartpole_long_17,15.0,9.0,10.7,166.0
25-02-2025_cp_drugs_gpu,25178ic,drug1/drug1_cartpole_F,15.0,12.0,13.0,13.0
24-05-24,22194,baseline/baseline_cartpole_long,15.0,10.0,10.7,61.0
24-01-07_data,20217,exp2/exp2_cartpole_long_18,14.0,9.0,10.9,200.0
24-01-07_data,20217,exp2/exp2_cartpole_long_3,14.0,10.0,10.8,200.0
24-01-07_data,20217,exp2/exp2_cartpole_long_9,14.0,10.0,10.8,200.0
24-04-18_butterfly,p001237,exp1/exp1_cartpole_long_7,14.0,10.0,10.9,164.0
24-04-18_butterfly,p001237,exp5/exp5_cartpole_long_3,14.0,10.0,11.5,20.0
24-03-25_plasticity,p001237,exp4/exp4_cartpole_long_7,14.0,9.0,10.7,164.0
24-03-25_plasticity,p001237,exp4/exp4_cartpole_long_6,14.0,9.0,11.0,162.0
24-01-07_data,20217,exp3/exp3_cartpole_long,14.0,9.0,10.9,200.0
24-01-07_data,20217,exp2/exp2_cartpole_long_2,14.0,10.0,11.0,200.0
24-03-25_plasticity,p001346,exp1/exp1_cartpole_long_16,14.0,10.0,11.2,55.0
24-04-18_butterfly,p001237,exp5/exp5_cartpole_long_4,14.0,10.0,12.0,6.0
24-01-07_data,20217,exp2/exp2_cartpole_long_14,14.0,9.0,10.8,200.0
24-03-25_plasticity,p001237,exp4/exp4_cartpole_long_15,14.0,9.0,10.9,163.0
24-03-25_plasticity,p001237,exp4/exp4_cartpole_long_2,14.0,9.0,10.7,164.0
24-01-07_data,20217,exp3/exp3_cartpole_long_2,14.0,10.0,10.9,200.0
24-05-24,22194,baseline/baseline_cartpole_long_5,13.0,10.0,11.1,7.0
24-04-18_butterfly,p001237,exp6/exp6_cartpole_long,13.0,10.0,10.7,26.0
24-01-07_data,20217,exp2/exp2_cartpole_long_11,13.0,9.0,10.7,200.0
24-03-25_plasticity,p001237,exp4/exp4_cartpole_long_4,13.0,10.0,10.7,164.0
24-01-07_data,20217,exp2/exp2_cartpole_long_17,13.0,9.0,10.8,200.0
24-01-07_data,20217,exp2/exp2_cartpole_long_15,13.0,9.0,10.7,200.0
24-01-07_data,20217,exp2/exp2_cartpole_long_12,13.0,10.0,10.8,200.0
24-01-07_data,20217,exp2/exp2_cartpole_long_10,13.0,9.0,10.8,200.0
24-01-07_data,20217,exp2/exp2_cartpole_long_5,13.0,9.0,10.8,200.0
24-01-07_data,20217,exp2/exp2_cartpole_long_6,12.0,10.0,10.8,200.0
24-01-07_data,20217,exp3/exp3_cartpole_long_1,12.0,9.0,10.6,200.0
24-01-07_data,20217,exp2/exp2_cartpole_long_16,12.0,10.0,10.7,200.0
25-02-2025_cp_drugs_gpu,25178ic,drug1/drug1_cartpole_F_1,12.0,10.0,11.3,16.0
24-01-07_data,20217,exp2/exp2_cartpole_long_8,12.0,9.0,10.6,200.0
24-01-07_data,20217,exp2/exp2_cartpole_long_7,12.0,9.0,10.7,200.0
2025-03-24_cp_full_drugs,25245lc,full5/full5_cartpole_F,,,,
23-11-30_cartpole,22064,exp3/exp3_cartpole_3,,,,
23-11-30_cartpole,22064,exp3/exp3_cartpole_4,,,,
23-11-30_cartpole,22064,exp3/exp3_cartpole_8,,,,
23-11-30_cartpole,22064,exp3/exp3_cartpole_9,,,,
23-11-30_cartpole,22064,exp7/exp7_cartpole_3,,,,
23-11-30_cartpole,22064,exp7/exp7_cartpole_4,,,,
23-11-30_cartpole,22064,exp7/exp7_cartpole_8,,,,
23-11-30_cartpole,22064,exp7/exp7_cartpole_9,,,,
2025-03-24_cp_full_drugs,25245lc,full5/full5_cartpole_F_1,,,,
2025-03-24_cp_full_drugs,25245lc,full5/full5_cartpole_F_2,,,,
2025-03-24_cp_full_drugs,25245lc,full5/full5_cartpole_F_3,,,,
2025-03-24_cp_full_drugs,25245lc,full5/full5_cartpole_F_4,,,,
2025-03-24_cp_full_drugs,25245lc,full5/full5_cartpole_F_5,,,,
2025-03-24_cp_full_drugs,25245lc,full5/full5_cartpole_F_6,,,,
2025-03-24_cp_full_drugs,25245lc,full5/full5_cartpole_F_7,,,,
2025-03-24_cp_full_drugs,25245lc,full5/full5_cartpole_F_8,,,,
2025-03-24_cp_full_drugs,25245lc,full5/full5_cartpole_F_9,,,,
2025-03-24_cp_full_drugs,25245lc,full5/full5_cartpole_F_10,,,,
2025-03-24_cp_full_drugs,25245lc,full5/full5_cartpole_F_11,,,,
